{
  "posts": [
    {
      "id": 1,
      "title": "json-server",
      "author": "typicode",
      "additionalProperties": [
        {
          "email": "test@test.com",
          "phone": "4234234234",
          "address": "Manchester",
          "country": "England",
          "modified": "2018-05-08T10:48:59.273Z"
        },
        {
          "email": "test1@test1.com",
          "phone": "4234234234",
          "address": "Manchester",
          "country": "England",
          "modified": "2018-05-08T10:48:59.273Z"
        },
        {
          "email": "test2@test2.com",
          "phone": "4234234234",
          "address": "Manchester",
          "country": "England",
          "modified": "2018-05-08T10:48:59.273Z"
        }
      ]
    },
    {
      "additionalProperties": [
        {
          "email": "test1@test.com",
          "phone": "12112",
          "address": "hello1",
          "country": "UK"
        },
        {
          "email": "test2@test.com",
          "phone": "34423423",
          "address": "hello2",
          "country": "USA"
        },
        {
          "email": "test3@test.com",
          "phone": "53453245",
          "address": "hello3",
          "country": "Canada"
        }
      ],
      "id": "3",
      "title": "Mr",
      "author": "sidhu"
    }
  ]
}