{
  "employees": [
    {
      "id": 1,
      "first_name": "Sebastian",
      "last_name": "Eschweiler",
      "email": "sebastian@codingthesmartway.com",
	  "additionalProperties": [
        {
          "email": "test@test.com",
          "phone": "4234234234",
          "address": "Manchester",
          "country": "England",
          "modified": "2018-05-08T10:48:59.273Z"
        }]
    },
    {
      "id": 2,
      "first_name": "Steve",
      "last_name": "Palmer",
      "email": "steve@codingthesmartway.com",
	  "additionalProperties": [
        {
          "email": "test@test.com",
          "phone": "4234234234",
          "address": "Manchester",
          "country": "England",
          "modified": "2018-05-08T10:48:59.273Z"
        }]
    },
    {
      "id": 3,
      "first_name": "Ann",
      "last_name": "Smith",
      "email": "ann@codingthesmartway.com",
	  "additionalProperties": [
        {
          "email": "test@test.com",
          "phone": "4234234234",
          "address": "Manchester",
          "country": "England",
          "modified": "2018-05-08T10:48:59.273Z"
        }]
    },
	    {
      "id": 4,
      "first_name": "Annie",
      "last_name": "Smith",
      "email": "ann@codinsgthesmartway.com",
	  "additionalProperties": [
        {
          "email": "test@test.com",
          "phone": "42343234234",
          "address": "Manchesternew",
          "country": "EnglandNew",
          "modified": "2018-05-08T10:48:59.273Z"
        }]
    }
  ]
}