{
  "employees": [
    {
      "id": "6R0O8X8X1ZZZT46QD94H7MU8",
      "ebaId": "Oswald",
      "name": "Gibson",
      "comments": "Archibald65@yahoo.com",
      "contact": {
        "email": "Archibald65@yahoo.com",
        "phoneNumber": "569783918935",
        "city": "North Easterstad",
        "addressLines": []
      },
      "state": {
        "status": "Active",
        "monitored": true
      },
      "accreditations": [
        "AIS",
        "PIS"
      ],
      "nationalAccreditationData": {
        "nationalId": "ebay2",
        "accreditations": []
      },
      "physicalContacts": []
    },
    {
      "id": "5I6I8M2I6MJAB76JG97W8KO5",
      "ebaId": "Kole",
      "name": "Hane",
      "comments": "Ada52@yahoo.com",
      "contact": {
        "email": "Ada52@yahoo.com",
        "phoneNumber": "097464990649",
        "city": "North Sydnee",
        "addressLines": []
      },
      "state": {
        "status": "Active",
        "monitored": true
      },
      "accreditations": [
        "AIS",
        "PIS"
      ],
      "nationalAccreditationData": {
        "nationalId": "ebay2",
        "accreditations": []
      },
      "physicalContacts": []
    },
    {
      "id": "4K8B0Z1J8EKTQ23HR50R5BC2",
      "ebaId": "Dulce",
      "name": "Littel",
      "comments": "Hildegard_Spencer37@gmail.com",
      "contact": {
        "email": "Hildegard_Spencer37@gmail.com",
        "phoneNumber": "934763778635",
        "city": "New Jaylin",
        "addressLines": []
      },
      "state": {
        "status": "Active",
        "monitored": true
      },
      "accreditations": [
        "AIS",
        "PIS"
      ],
      "nationalAccreditationData": {
        "nationalId": "ebay2",
        "accreditations": []
      },
      "physicalContacts": []
    },
    {
      "id": "6K5W7V0T7RQTE72RI59Y2PU9",
      "ebaId": "Bradford",
      "name": "King",
      "comments": "Rafaela.Reichert40@yahoo.com",
      "contact": {
        "email": "Rafaela.Reichert40@yahoo.com",
        "phoneNumber": "897763802443",
        "city": "West Carmenshire",
        "addressLines": []
      },
      "state": {
        "status": "Active",
        "monitored": true
      },
      "accreditations": [
        "AIS",
        "PIS"
      ],
      "nationalAccreditationData": {
        "nationalId": "ebay2",
        "accreditations": []
      },
      "physicalContacts": []
    },
    {
      "id": "1J9N5M2U3JWSN04KC50G8WQ9",
      "ebaId": "Brody",
      "name": "Borer",
      "comments": "Aletha_Aufderhar@hotmail.com",
      "contact": {
        "email": "Aletha_Aufderhar@hotmail.com",
        "phoneNumber": "232516139249",
        "city": "Howellstad",
        "addressLines": []
      },
      "state": {
        "status": "Active",
        "monitored": true
      },
      "accreditations": [
        "AIS",
        "PIS"
      ],
      "nationalAccreditationData": {
        "nationalId": "ebay2",
        "accreditations": []
      },
      "physicalContacts": []
    },
    {
      "id": "0K1Z0G7K2GSSH37EU48U7IU5",
      "ebaId": "Ezequiel",
      "name": "Upton",
      "comments": "Sonya78@gmail.com",
      "contact": {
        "email": "Sonya78@gmail.com",
        "phoneNumber": "287901470211",
        "city": "West Lula",
        "addressLines": []
      },
      "state": {
        "status": "Active",
        "monitored": true
      },
      "accreditations": [
        "AIS",
        "PIS"
      ],
      "nationalAccreditationData": {
        "nationalId": "ebay2",
        "accreditations": []
      },
      "physicalContacts": []
    },
    {
      "id": "6N9U2P9R0LFTU45DE08U5ZT6",
      "ebaId": "Dereck",
      "name": "Yost",
      "comments": "Giovanny_Cummings95@hotmail.com",
      "contact": {
        "email": "Giovanny_Cummings95@hotmail.com",
        "phoneNumber": "568537786885",
        "city": "Funkton",
        "addressLines": []
      },
      "state": {
        "status": "Active",
        "monitored": true
      },
      "accreditations": [
        "AIS",
        "PIS"
      ],
      "nationalAccreditationData": {
        "nationalId": "ebay2",
        "accreditations": []
      },
      "physicalContacts": []
    },
    {
      "id": "7D3Q1W2D6ZWDF28PI01C4WN3",
      "ebaId": "Julie",
      "name": "Schulist",
      "comments": "Hailie89@hotmail.com",
      "contact": {
        "email": "Hailie89@hotmail.com",
        "phoneNumber": "152735596664",
        "city": "New Trystan",
        "addressLines": []
      },
      "state": {
        "status": "Active",
        "monitored": true
      },
      "accreditations": [
        "AIS",
        "PIS"
      ],
      "nationalAccreditationData": {
        "nationalId": "ebay2",
        "accreditations": []
      },
      "physicalContacts": []
    },
    {
      "id": "2X9E4O3M9ASVW23TJ52C7YA9",
      "ebaId": "Alta",
      "name": "Botsford",
      "comments": "Anderson.Runte33@gmail.com",
      "contact": {
        "email": "Anderson.Runte33@gmail.com",
        "phoneNumber": "018528411321",
        "city": "Blandaville",
        "addressLines": []
      },
      "state": {
        "status": "Active",
        "monitored": true
      },
      "accreditations": [
        "AIS",
        "PIS"
      ],
      "nationalAccreditationData": {
        "nationalId": "ebay2",
        "accreditations": []
      },
      "physicalContacts": []
    },
    {
      "id": "3E0C4W6O9UOZA03IB92P5GD5",
      "ebaId": "Karlee",
      "name": "Lowe",
      "comments": "Ophelia52@gmail.com",
      "contact": {
        "email": "Ophelia52@gmail.com",
        "phoneNumber": "707485670964",
        "city": "Casperland",
        "addressLines": []
      },
      "state": {
        "status": "Active",
        "monitored": true
      },
      "accreditations": [
        "AIS",
        "PIS"
      ],
      "nationalAccreditationData": {
        "nationalId": "ebay2",
        "accreditations": []
      },
      "physicalContacts": []
    },
    {
      "id": "~kzXjXL",
      "ebaId": "hello58",
      "name": "Ebay2",
      "comments": "hello testing",
      "contact": {
        "email": "ebay2@email.com",
        "phone": "03213412414",
        "city": "LA",
        "addressLines": [
          "address 1 address 2"
        ]
      },
      "state": {
        "status": "ACTIVE",
        "monitored": true
      },
      "nationalAccreditationData": {
        "nationalId": "ebay2"
      }
    },
    {
      "id": "7bZMhKd",
      "ebaId": "hello58",
      "name": "Ebay2",
      "comments": "hello testing",
      "contact": {
        "email": "ebay2@email.com",
        "phone": "03213412414",
        "city": "LA",
        "addressLines": [
          "address 1 address 2"
        ]
      },
      "state": {
        "status": "ACTIVE",
        "monitored": true
      },
      "nationalAccreditationData": {
        "nationalId": "ebay2"
      }
    }
  ]
}