{
"employees":[
  {
    "id": "5O4T7K3Y2ZSSG99TH32W9UF7",
    "ebaId": "Mckenzie",
    "name": "O'Connell",
    "comments": "Electa95@hotmail.com",
    "contact": {
      "email": "Electa95@hotmail.com",
      "phoneNumber": "232977505391",
      "city": "New Vivien",
      "addressLines": []
    },
    "state": {
      "status": "Active",
      "monitored": true
    },
    "accreditations": [
      "AIS",
      "PIS"
    ],
    "nationalAccreditationData": {
      "nationalId": "ebay2",
      "accreditations": []
    },
    "physicalContacts": []
  },
  {
    "id": "8O6R4N6L3DYWQ65WP11R0KE3",
    "ebaId": "Bernadine",
    "name": "Schmitt",
    "comments": "Valentina_Erdman@yahoo.com",
    "contact": {
      "email": "Valentina_Erdman@yahoo.com",
      "phoneNumber": "009671699396",
      "city": "Lonnieton",
      "addressLines": []
    },
    "state": {
      "status": "Active",
      "monitored": true
    },
    "accreditations": [
      "AIS",
      "PIS"
    ],
    "nationalAccreditationData": {
      "nationalId": "ebay2",
      "accreditations": []
    },
    "physicalContacts": []
  },
  {
    "id": "7V8Y2Z9Q4YWQV11YT07T0NY7",
    "ebaId": "Antoinette",
    "name": "Schumm",
    "comments": "Tyrese.Ankunding@hotmail.com",
    "contact": {
      "email": "Tyrese.Ankunding@hotmail.com",
      "phoneNumber": "390233958179",
      "city": "West Cyrus",
      "addressLines": []
    },
    "state": {
      "status": "Active",
      "monitored": true
    },
    "accreditations": [
      "AIS",
      "PIS"
    ],
    "nationalAccreditationData": {
      "nationalId": "ebay2",
      "accreditations": []
    },
    "physicalContacts": []
  },
  {
    "id": "9E7W3H3F0AUVT22WX81S3UK0",
    "ebaId": "Milton",
    "name": "Sporer",
    "comments": "Alan.Ruecker55@hotmail.com",
    "contact": {
      "email": "Alan.Ruecker55@hotmail.com",
      "phoneNumber": "533925028720",
      "city": "New Alannaside",
      "addressLines": []
    },
    "state": {
      "status": "Active",
      "monitored": true
    },
    "accreditations": [
      "AIS",
      "PIS"
    ],
    "nationalAccreditationData": {
      "nationalId": "ebay2",
      "accreditations": []
    },
    "physicalContacts": []
  },
  {
    "id": "6D5U2Q7F0KYZS13VV13M0FY9",
    "ebaId": "Ignatius",
    "name": "Weissnat",
    "comments": "Robb55@gmail.com",
    "contact": {
      "email": "Robb55@gmail.com",
      "phoneNumber": "713262796253",
      "city": "Samanthaside",
      "addressLines": []
    },
    "state": {
      "status": "Active",
      "monitored": true
    },
    "accreditations": [
      "AIS",
      "PIS"
    ],
    "nationalAccreditationData": {
      "nationalId": "ebay2",
      "accreditations": []
    },
    "physicalContacts": []
  },
  {
    "id": "9M3E6X0A6NKHI34ES07W0JF6",
    "ebaId": "Antonietta",
    "name": "Hagenes",
    "comments": "Kenneth.Wiza98@gmail.com",
    "contact": {
      "email": "Kenneth.Wiza98@gmail.com",
      "phoneNumber": "522151752188",
      "city": "East Cheyenneborough",
      "addressLines": []
    },
    "state": {
      "status": "Active",
      "monitored": true
    },
    "accreditations": [
      "AIS",
      "PIS"
    ],
    "nationalAccreditationData": {
      "nationalId": "ebay2",
      "accreditations": []
    },
    "physicalContacts": []
  },
  {
    "id": "8S3F2A4I3KBRE08OH19F3UM4",
    "ebaId": "Ahmed",
    "name": "Hegmann",
    "comments": "Jed_Walker48@hotmail.com",
    "contact": {
      "email": "Jed_Walker48@hotmail.com",
      "phoneNumber": "131784936270",
      "city": "Alfredobury",
      "addressLines": []
    },
    "state": {
      "status": "Active",
      "monitored": true
    },
    "accreditations": [
      "AIS",
      "PIS"
    ],
    "nationalAccreditationData": {
      "nationalId": "ebay2",
      "accreditations": []
    },
    "physicalContacts": []
  },
  {
    "id": "3K7Z0C9T7PVAC36UO82I6UD4",
    "ebaId": "Reginald",
    "name": "Bergnaum",
    "comments": "Amari_OKon@hotmail.com",
    "contact": {
      "email": "Amari_OKon@hotmail.com",
      "phoneNumber": "051272122643",
      "city": "Moorebury",
      "addressLines": []
    },
    "state": {
      "status": "Active",
      "monitored": true
    },
    "accreditations": [
      "AIS",
      "PIS"
    ],
    "nationalAccreditationData": {
      "nationalId": "ebay2",
      "accreditations": []
    },
    "physicalContacts": []
  },
  {
    "id": "1E1S3V4X1QJWC57TB75Y0GF4",
    "ebaId": "King",
    "name": "Predovic",
    "comments": "Adah.Effertz@hotmail.com",
    "contact": {
      "email": "Adah.Effertz@hotmail.com",
      "phoneNumber": "999548658317",
      "city": "North Chanelleshire",
      "addressLines": []
    },
    "state": {
      "status": "Active",
      "monitored": true
    },
    "accreditations": [
      "AIS",
      "PIS"
    ],
    "nationalAccreditationData": {
      "nationalId": "ebay2",
      "accreditations": []
    },
    "physicalContacts": []
  },
  {
    "id": "4S4E7S8T1WVFX97XG47M6JI5",
    "ebaId": "Kenyatta",
    "name": "Breitenberg",
    "comments": "Adella_Becker@hotmail.com",
    "contact": {
      "email": "Adella_Becker@hotmail.com",
      "phoneNumber": "256485099879",
      "city": "Thielstad",
      "addressLines": []
    },
    "state": {
      "status": "Active",
      "monitored": true
    },
    "accreditations": [
      "AIS",
      "PIS"
    ],
    "nationalAccreditationData": {
      "nationalId": "ebay2",
      "accreditations": []
    },
    "physicalContacts": []
  }
]
}