<!DOCTYPE suite SYSTEM "http://testng.org/testng-1.0.dtd" >

<suite name="DemoProjectTestingBDD" verbose="1" parallel="false">
<!--This running in sequence-->
    <test name="smoke">
        <parameter name="mybrowser" value="opera" />

        <!--<parameters>-->
            <!--<parameter name="platform" value="Windows" />-->
            <!--<parameter name="browser" value="chrome" />-->
            <!--<parameter name="version" value="8" />-->
        <!--</parameters>-->

        <classes>
            <!--number of any browsers depends on the number of runner classes created-->
            <!--<class name="com.cucumberTest.RegressionOpera"/>-->
            <class name="com.cucumberTest.RegressionChrome"/>
            <!--<class name="com.cucumberTest.TestRunnerForSmokeTests2"/>-->
        </classes>
    </test>

    <!--<test name="regression1">-->
        <!--<parameter name="mybrowser" value="chrome" />-->
        <!--<classes>-->
            <!--<class name="com.cucumberTest.RegressionOpera"/>-->
            <!--<class name="com.cucumberTest.RegressionChrome"/>-->
            <!--<class name="com.cucumberTest.TestRunnerForSmokeTests2"/>-->
        <!--</classes>-->
    <!--hello-->
    <!--</test>-->



</suite>
